date,fajr,sunrise,dhuhr,asr,maghrib,isha
2026-11-01,04:40,06:01,11:32,14:39,17:02,18:20
2026-11-02,04:41,06:01,11:32,14:39,17:02,18:20
2026-11-03,04:42,06:02,11:32,14:38,17:01,18:19
2026-11-04,04:42,06:03,11:32,14:38,17:00,18:18
2026-11-05,04:43,06:04,11:32,14:37,16:59,18:18
2026-11-06,04:43,06:04,11:32,14:37,16:59,18:17
2026-11-07,04:44,06:05,11:32,14:36,16:58,18:17
2026-11-08,04:45,06:06,11:32,14:36,16:57,18:16
2026-11-09,04:45,06:07,11:32,14:35,16:57,18:16
2026-11-10,04:46,06:07,11:32,14:35,16:56,18:15
2026-11-11,04:47,06:08,11:32,14:34,16:55,18:15
2026-11-12,04:47,06:09,11:32,14:34,16:55,18:14
2026-11-13,04:48,06:10,11:33,14:33,16:54,18:14
2026-11-14,04:49,06:11,11:33,14:33,16:54,18:13
2026-11-15,04:49,06:11,11:33,14:33,16:53,18:13
2026-11-16,04:50,06:12,11:33,14:32,16:53,18:13
2026-11-17,04:51,06:13,11:33,14:32,16:52,18:12
2026-11-18,04:51,06:14,11:33,14:32,16:52,18:12
2026-11-19,04:52,06:15,11:33,14:31,16:52,18:12
2026-11-20,04:53,06:16,11:34,14:31,16:51,18:12
2026-11-21,04:54,06:16,11:34,14:31,16:51,18:11
2026-11-22,04:54,06:17,11:34,14:31,16:51,18:11
2026-11-23,04:55,06:18,11:34,14:31,16:50,18:11
2026-11-24,04:56,06:19,11:35,14:31,16:50,18:11
2026-11-25,04:56,06:20,11:35,14:30,16:50,18:11
2026-11-26,04:57,06:20,11:35,14:30,16:50,18:11
2026-11-27,04:58,06:21,11:36,14:30,16:50,18:11
2026-11-28,04:58,06:22,11:36,14:30,16:49,18:11
2026-11-29,04:59,06:23,11:36,14:30,16:49,18:11
2026-11-30,05:00,06:24,11:37,14:30,16:49,18:11
